{
    "manifest_version": 3,
    "name": "狗蛋蜜罐识别器 (调试版)",
    "version": "2.2.0",
    "description": "Service Worker调试版本",
    
    "icons": {
      "16": "resource/img/icon/icon-16.png",
      "32": "resource/img/icon/icon-32.png",
      "48": "resource/img/icon/icon-48.png",
      "128": "resource/img/icon/icon-128.png"
    },
    
    "background": {
        "service_worker": "background-simple.js"
    },
    
    "action": {
      "default_title": "狗蛋蜜罐识别器 (调试版)",
      "default_icon": {
        "16": "resource/img/icon/icon-16.png",
        "32": "resource/img/icon/icon-32.png",
        "48": "resource/img/icon/icon-48.png"
      },
      "default_popup": "resource/popup/simple-popup.html"
    },
    
    "content_scripts": [
      {
        "matches": ["http://*/*", "https://*/*"],
        "js": [
          "resource/inject/anti-fingerprint.js"
        ],
        "run_at": "document_start",
        "all_frames": true
      }
    ],
    
    "permissions": [
        "storage",
        "tabs",
        "webRequest",
        "notifications"
    ],
    
    "host_permissions": [
        "http://*/*",
        "https://*/*"
    ],
    
    "web_accessible_resources": [
      {
        "resources": [ 
          "test/*.html"
        ],
        "matches": [ "https://*/*", "http://*/*" ]
      }
    ]
}
